ID,Glider,Model,Wingarea,Empty Mass,Reference Mass,MTOW,Polar,Min Speed
531,AC-4 Russia,AC-4 Russia,7.7,140.0,226.38,250.0,RUSSIA2.POL,
283,AFH 22,AFH 22,17.7,380.0,,600.0,,
480,AFH 24,AFH 24,10.3,245.0,359.47,500.0,AFH24.POL,
238,Ahrens Delphin V1,Ahrens Delphin V1,16.9,265.0,,375.0,,
256,AK-5,AK-5,10.66,282.2,361.374,485.0,AK5.POL,
462,AK-8,AK-8,9.75,233.0,362.0,440.0,84.1343:-0.6524:130.0:-0.9474:170.0:-1.838,
214,Alpin,Alpin,,,,,,
215,Alpin,Alpin T,,,,,,
75,Antares 18,Antares 18S,10.97,295.0,395.0,660.0,100.0:-0.54:120.0:-0.69:150.0:-1.11,
76,Antares 18,Antares 18T,10.97,345.0,395.0,660.0,100.0:-0.54:120.0:-0.69:150.0:-1.11,
411,Antares 20,Antares 20E,12.6,475.0,530.0,660.0,100.0:-0.52:120.0:-0.61:150.0:-0.91,
562,Antares 21E,Antares 21E,12.9,530.0,658.0,710.0,QuintusM.POL,
563,Antares 21E,Antares 20E/21,12.9,530.0,658.0,710.0,QuintusM.POL,
389,Antares 23,Antares 23E,14.75,530.0,752.0,850.0,QuintusM.POL,
390,Antares 23,Antares 23T,14.75,445.0,752.0,850.0,QuintusM.POL,
137,Apis 2,Apis 2 15m,12.4,215.0,310.0,310.0,80.0:-0.6:100.0:-0.75:140.0:-1.45,
138,Apis 2,Apis 2 M 15m,12.4,265.0,310.0,310.0,80.0:-0.6:100.0:-0.75:140.0:-1.45,
139,Apis 2,Apis 2 MCs 15m,12.4,265.0,310.0,310.0,80.0:-0.6:100.0:-0.75:140.0:-1.45,
172,Apis WR,Apis WR,,,,,,
600,Applebay Zuni II,Applebay Zuni II,10.13,238.0,358.0,544.0,110.0:-0.88:167.0:-2.21:203.72:-3.6,
337,Arcus,Arcus,15.6,430.0,702.0,850.0,ArcusT_2011.POL,
338,Arcus,Arcus E,15.6,485.0,702.0,850.0,ArcusT_2011.POL,
339,Arcus,Arcus M,15.6,510.0,702.0,850.0,ArcusT_2011.POL,
340,Arcus,Arcus T,15.6,485.0,702.0,850.0,ArcusT_2011.POL,
616,Arcus,Arcus J,15.6,485.0,702.0,850.0,ArcusT_2011.POL,
405,AS 22-2,AS 22-2,15.5,462.0,,750.0,,
497,AS 33 15m,AS 33 15m,8.8,290.0,400.0,550.0,100.0:-0.6:130.0:-0.75:160.0:-1.08,
498,AS 33 15m,AS 33 Es 15m,8.8,340.0,400.0,550.0,100.0:-0.6:130.0:-0.75:160.0:-1.08,
499,AS 33 15m,AS 33 Me 15m,8.8,405.0,400.0,550.0,100.0:-0.6:130.0:-0.75:160.0:-1.08,
494,AS 33 18m,AS 33 18m,10.0,300.0,600.0,600.0,100.0:-0.58:130.0:-0.64:160.0:-0.87,
495,AS 33 18m,AS 33 Es 18m,10.0,350.0,600.0,600.0,100.0:-0.58:130.0:-0.64:160.0:-0.87,
496,AS 33 18m,AS 33 Me 18m,10.0,415.0,600.0,600.0,100.0:-0.58:130.0:-0.64:160.0:-0.87,
504,AS 34 Me 15m,AS 34 Me 15m,10.5,380.0,325.0,525.0,-0.0020=0.0828=-1.4300,80.0
505,AS 34 Me 18m,AS 34 Me 18m,11.88,390.0,398.3,575.0,ASW28-18_2007.POL,
9,ASG 29 15m,ASG 29 15m,9.2,270.0,350.0,525.0,100.0:-0.64:120.0:-0.75:150.0:-1.13,
10,ASG 29 15m,ASG 29 E 15m,9.2,315.0,350.0,525.0,100.0:-0.64:120.0:-0.75:150.0:-1.13,
11,ASG 29 15m,ASG 29 Es 15m,9.2,315.0,350.0,525.0,100.0:-0.64:120.0:-0.75:150.0:-1.13,
554,ASG 29 15m,ASG 29 RES 15m,9.2,315.0,350.0,525.0,100.0:-0.64:120.0:-0.75:150.0:-1.13,
70,ASG 29 18m,ASG 29 18m,10.5,280.0,391.3,600.0,ASG29-18.POL,
71,ASG 29 18m,ASG 29 E 18m,10.5,325.0,391.3,600.0,ASG29-18.POL,
72,ASG 29 18m,ASG 29 Es 18m,10.5,325.0,391.3,600.0,ASG29-18.POL,
555,ASG 29 18m,ASG 29 RES 18m,10.5,325.0,391.3,600.0,ASG29-18.POL,
334,ASG 32,ASG 32,15.7,490.0,807.0,850.0,ASG32.POL,
335,ASG 32,ASG 32 EL,15.7,570.0,807.0,850.0,ASG32.POL,
336,ASG 32,ASG 32 Mi,15.7,570.0,807.0,850.0,ASG32.POL,
395,ASH 25,ASH 25,16.31,510.0,663.81,750.0,ASH2586.POL,
396,ASH 25,ASH 25 E,16.31,560.0,663.81,750.0,ASH2586.POL,
397,ASH 25,ASH 25 M,16.31,560.0,663.81,750.0,ASH2586.POL,
382,ASH 25 >= 26m,ASH 25 >= 26m,16.62,510.0,663.81,750.0,ASH2586.POL,
383,ASH 25 >= 26m,ASH 25 E >= 26m,16.62,560.0,663.81,750.0,ASH2586.POL,
385,ASH 25 >= 26m,ASH 25 M >= 26m,16.62,560.0,663.81,750.0,ASH2586.POL,
386,ASH 25 >= 26m,ASH 25 Mi >= 26m,16.62,560.0,663.81,750.0,ASH2586.POL,
384,ASH 25 EB 28,ASH 25 EB 28,,,,,,
91,ASH 26,ASH 26,11.68,300.0,399.456,525.0,ASH26.POL,
92,ASH 26,ASH 26 E,11.68,390.0,399.456,525.0,ASH26.POL,
375,ASH 30 Mi,ASH 30 Mi,17.17,630.0,831,850.0,-0.001050=0.0464=-0.96,80
74,ASH 31 Mi 18m,ASH 31 Mi 18m,11.9,415.0,443.5,630.0,ASG29-18.POL,
406,ASH 31 Mi 21m,ASH 31 Mi 21m,13.2,435.0,750.0,700.0,ASH31Mi.POL,
305,ASK 13,ASK 13,17.5,386.0,488.0,480.0,ASK13.POL,
223,ASK 14,ASK 14,12.68,245.0,,260.0,,
310,ASK 16,ASK 16,19.0,470.0,,750.0,,
184,ASK 18,ASK 18,12.99,215.0,310.0,335.0,75.0:-0.613:138.0:-1.773:200.0:-4.234,
292,ASK 21,ASK 21,17.95,360.0,561.835,600.0,ASK2180.POL,
293,ASK 21,ASK 21 B,17.95,360.0,561.835,600.0,ASK2180.POL,
294,ASK 21,ASK 21 Mi,17.95,450.0,561.835,600.0,ASK2180.POL,
175,ASK 23,ASK 23,12.9,240.0,330.0,380.0,100.0:-0.85:120.0:-1.19:150.0:-2.02,
176,ASK 23,ASK 23 B,12.9,240.0,330.0,360.0,100.0:-0.85:120.0:-1.19:150.0:-2.02,
438,ASW 12,ASW 12,13.0,324.0,404.0,430.0,ASW12.POL,
135,ASW 15,ASW 15,11.0,210.0,349.0,408.0,97.56:-0.77:156.12:-1.9:195.15:-3.4,
513,ASW 15,ASW 15 B,11.0,230.0,304.7,408.0,ASW1572.POL,
515,ASW 15,ASW 15 WL,11.0,230.0,304.7,408.0,ASW1572.POL,
426,ASW 17,ASW 17,14.84,400.0,489.72,610.0,ASW1773.POL,
263,ASW 19,ASW 19,11.0,260.0,352.5,408.0,ASW19B.POL,
487,ASW 19,ASW 19 WL,11.0,260.0,352.0,454.0,ASW19B.POL,
514,ASW 19,ASW 19 B,11.0,260.0,352.0,454.0,ASW19B.POL,
136,ASW 19 Club,ASW 19 Club,11.0,260.0,352.0,408.0,ASW19B.POL,
34,ASW 20,ASW 20,10.5,280.0,360.15,525.0,ASW20C.POL,
512,ASW 20,ASW 20 WL,10.5,280.0,360.15,525.0,ASW20C.POL,
529,ASW 20,ASW 20-J,10.5,300.0,360.15,525.0,ASW20C.POL,
530,ASW 20,ASW 20-J WL,10.5,300.0,360.15,525.0,ASW20C.POL,
119,ASW 20 16.6m,ASW 20 16.6m,11.01,285.0,371.14,430.0,ASW20CL.POL,
564,ASW 20 16.6m,ASW 20-J 16.6m,11.01,305.0,371.14,430.0,ASW20CL.POL,
45,ASW 20 Top 15m,ASW 20 Top 15m,10.5,320.0,371.14,525.0,ASW20C.POL,
122,ASW 20 Top 16.6m,ASW 20 Top 16.6m,11.01,325.0,371.14,430.0,ASW20CL.POL,
418,ASW 22 22m,ASW 22 22m,14.9,400.0,610.58,750.0,ASW22M.POL,
407,ASW 22 24m,ASW 22 24m,15.49,410.0,508.0,750.0,ASW22.POL,
408,ASW 22 24m,ASW 22E 24m,15.49,460.0,508.0,750.0,ASW22.POL,
387,ASW 22 B,ASW 22 B,16.31,415.0,542.0,750.0,ASW22B.POL,
388,ASW 22 B,ASW 22 BE,16.31,465.0,542.0,750.0,ASW22B.POL,
376,ASW 22 BL,ASW 22 BL,17.0,465.0,584.0,750.0,ASW22_27.POL,
377,ASW 22 BL,ASW 22 BLE,17.0,515.0,584.0,750.0,ASW22_27.POL,
463,ASW 24,ASW 24,10.0,230.0,330.0,500.0,ASW24.POL,
464,ASW 24,ASW 24 B,10.0,230.0,330.0,500.0,ASW24.POL,
465,ASW 24,ASW 24 E,10.0,280.0,330.0,500.0,ASW24.POL,
485,ASW 24,ASW 24 WL,10.0,230.0,325.0,500.0,ASW24WL.POL,
486,ASW 24,ASW 24 E WL,10.0,280.0,325.0,500.0,ASW24WL.POL,
12,ASW 27,ASW 27,9.0,245.0,365.9,500.0,ASW27-2018.POL,
569,ASW 27,ASW 27-J,9.0,245.0,365.9,500.0,ASW27-2018.POL,
447,ASW 28,ASW 28,10.5,235.0,325.0,525.0,-0.0020=0.0828=-1.4300,80.0
448,ASW 28,ASW 28 E,10.5,285.0,325.0,525.0,-0.0020=0.0828=-1.4300,80.0
106,ASW 28 18m,ASW 28 18m,11.88,270.0,398.3,575.0,ASW28-18_2007.POL,
107,ASW 28 18m,ASW 28 E 18m,11.88,320.0,398.3,575.0,ASW28-18_2007.POL,
242,AV.36,AV.36,,,,,,
353,B12,B12,16.58,528.0,620.0,620.0,B12.POL,
445,B13,B13e,18.95,669.0,750.42,820.0,B13.POL,
239,Banjo,Banjo,10.5,105.0,,220.0,,
140,Bee,Bee,12.26,228.0,318,322.5,-0.002242=0.1008=-1.73,60
318,Bergfalke II,Bergfalke II,17.7,340.0,430.0,430.0,BERGFALK.POL,
311,Bergfalke III,Bergfalke III,17.7,340.0,430.0,430.0,BERGFALK.POL,
301,Bergfalke IV,Bergfalke IV,17.88,402.0,491.7,505.0,BERGFAL4.POL,
128,BS-1,BS-1,14.20,335.0,,460.0,,
605,C-201 Marianne,C-201B Marianne,17.185,430.0,,650.0,,
351,Calif A 21,Calif A 21,16.2,526.0,620.46,644.0,CALIF.POL,
352,Calif A 21,Calif A 21 SJ,16.2,526.0,620.46,644.0,CALIF.POL,
174,Carat,Carat,11.0,350.0,459.8,490.0,CARAT.POL,
601,CB-15 Crystal,CB-15 Crystal,,,,,,
264,Cirrus,Cirrus,10.04,202.0,307.22,390.0,CIRRUS15_2.POL,
265,Cirrus,Cirrus VTC 17.74m,12.6,276.0,330.0,400.0,80.0:-0.6:120.0:-1.1:160.0:-2.2,
257,Cirrus B 18.34m,Cirrus B 18.34m,12.6,260.0,330.0,390.0,100.0:-0.74:120.0:-1.06:150.0:-1.88,
154,Club Libelle,Club Libelle,9.8,225.0,318.5,350.0,H205.POL,
302,Condor 4,Condor 4,,,,,,
602,Cumulus CU IIf,Cumulus CU IIf,,,,,,
129,D 36,D 36,12.8,285.0,,450.0,,
266,D 37,D 37,13.0,300.0,387.4,460.0,D37.POL,
142,D 38,D 38,11.0,200.0,288.2,360.0,D38.POL,
54,D 40,D 40,9.5,284.0,388.55,500.0,D40.POL,
279,D 43 18m,D 43 18m,15.93,570.0,667.467,700.0,D43_18m.POL,
144,Delphin 1,Delphin 1,,,,,,
561,DFS Habicht,DFS Habicht,15.82,235.0,,350.0,,
267,DG 100,DG 100,11.0,230.0,332.75,418.0,DG10076_2.POL,
143,DG 100 Club,DG 100 Club,11.0,230.0,332.75,418.0,DG10076_2.POL,
354,DG 1000 18m,DG 1000M 18m,16.72,485.0,492,750.0,-0.003253=0.1548=-2.48,70
355,DG 1000 18m,DG 1000S 18m,16.72,400.0,492,750.0,-0.003253=0.1548=-2.48,70
356,DG 1000 18m,DG 1000T 18m,16.72,450.0,492,750.0,-0.003253=0.1548=-2.48,70
551,DG 1000 18m,DG 1000E neo 18m,16.72,470.0,492,750.0,-0.003253=0.1548=-2.48,70
607,DG 1000 18m,DG 1000S neo 18m,16.72,400.0,492,750.0,-0.003253=0.1548=-2.48,70
608,DG 1000 18m,DG 1000T neo 18m,16.72,450.0,492,750.0,-0.003253=0.1548=-2.48,70
360,DG 1000 18m FG,DG 1000 18m FG,16.72,400.0,492,750.0,-0.003253=0.1548=-2.48,70
609,DG 1000 18m FG,DG 1000 neo 18m FG,16.72,400.0,492,750.0,-0.003253=0.1548=-2.48,70
345,DG 1000 20m,DG 1000M 20m,17.53,501.0,583.4,750.0,DG1000_20m.POL,
346,DG 1000 20m,DG 1000S 20m,17.53,415.0,583.4,750.0,DG1000_20m.POL,
347,DG 1000 20m,DG 1000T 20m,17.53,465.0,583.4,750.0,DG1000_20m.POL,
550,DG 1000 20m,DG 1000E neo 20m,17.53,501.0,583.4,750.0,DG1000_20m.POL,
584,DG 1000 20m,DG 1000M neo 20m,17.53,501.0,583.4,750.0,DG1000_20m.POL,
585,DG 1000 20m,DG 1000S neo 20m,17.53,415.0,583.4,750.0,DG1000_20m.POL,
586,DG 1000 20m,DG 1000T neo 20m,17.53,465.0,583.4,750.0,DG1000_20m.POL,
48,DG 200,DG 200,10.0,230.0,340.0,450.0,DG200.POL,
124,DG 200 17m,DG 200 17m,10.57,251.0,336.126,450.0,DG20217.POL,
476,DG 300,DG 300 WL,10.28,245.0,363.912,450.0,DG303.POL,
481,DG 300,DG 300,10.28,245.0,363.912,450.0,DG303.POL,
575,DG 300,DG 300G WL,10.28,245.0,363.912,450.0,DG303.POL,
258,DG 300 FG,DG 300 FG,10.28,245.0,363.912,450.0,DG303.POL,
477,DG 303,DG 303,10.28,245.0,363.912,450.0,DG303.POL,
49,DG 400,DG 400,10.0,306.0,440.0,460,115.0:-0.76:160.53:-1.22:210.22:-2.3,85.0
125,DG 400 17m,DG 400 17m,10.57,310.0,405.888,460.0,DG400.POL,
361,DG 500 20m,DG 500 20m,17.59,480.0,664.9,750.0,DG500GPS.POL,
362,DG 500 20m,DG 500M 20m,17.59,530.0,664.9,750.0,DG500GPS.POL,
439,DG 500 22m,DG 500 22m,18.29,445.0,530,750.0,-0.002670=0.1217=-1.93,75
440,DG 500 22m,DG 500M 22m,18.29,505.0,530,750.0,-0.002670=0.1217=-1.93,75
441,DG 500 22m,DG 505 22m,18.29,445.0,530,750.0,-0.002670=0.1217=-1.93,75
442,DG 500 22m,DG 505M 22m,18.29,505.0,530,750.0,-0.002670=0.1217=-1.93,75
284,DG 500 Trainer FG,DG 500 Trainer FG,16.6,400.0,572.7,750.0,DG500TRA.POL,
285,DG 500 Trainer FG,DG 505 Trainer FG,16.6,400.0,572.7,750.0,DG500TRA.POL,
366,DG 500 Trainer RG,DG 500 Trainer RG,16.6,400.0,572.7,750.0,DG500TRA.POL,
368,DG 500 Trainer RG,DG 505 Trainer RG,16.6,400.0,572.7,750.0,DG500TRA.POL,
367,DG 505 6 Orion,DG 505 6 Orion,,,,,,
363,DG 505 M Orion 20m,DG 505 M Orion 20m,17.59,480.0,664.9,750.0,DG500GPS.POL,
35,DG 600,DG 600,10.95,255.0,339.0,525.0,-0.0017=0.0752=-1.3800,80.0
36,DG 600,DG 600M,10.95,305.0,339.0,525.0,-0.0017=0.0752=-1.3800,80.0
114,DG 600 17m,DG 600 17m,11.59,270.0,361.61,525.0,DG60017.POL,
115,DG 600 17m,DG 600M 17m,11.59,320.0,361.61,525.0,DG60017.POL,
100,DG 600 18m,DG 600 18m,11.81,270.0,368.47,480.0,DG60017.POL,
101,DG 600 18m,DG 600M 18m,11.81,320.0,368.47,480.0,DG60017.POL,
21,DG 800 15m,DG 800A/B 15m,10.68,370.0,468.0,525.0,103.61:-0.6535:130.0:-0.8915:170.0:-1.4807,
22,DG 800 15m,DG 800S 15m,10.68,260.0,370.0,525.0,92.1255:-0.5811:130.0:-0.9754:170.0:-1.6933,
23,DG 800 15m,DG 808C 15m,10.68,370.0,370.0,525.0,92.1255:-0.5811:130.0:-0.9754:170.0:-1.6933,
589,DG 800 15m,DG 808S 15m,10.68,270.0,370.0,525.0,92.1255:-0.5811:130.0:-0.9754:170.0:-1.6933,
590,DG 800 15m,DG 800LA 15m,10.68,270.0,370.0,525.0,92.1255:-0.5811:130.0:-0.9754:170.0:-1.6933,
77,DG 800 18m,DG 800A/B 18m,11.81,370.0,432.25,525.0,DG800_18.POL,
78,DG 800 18m,DG 800S 18m,11.81,270.0,432.25,525.0,DG800_18.POL,
79,DG 800 18m,DG 808C Competition 18m,11.81,370.0,432.25,600.0,DG800_18.POL,
591,DG 800 18m,DG 800LA 18m,11.81,270.0,432.25,525.0,DG800_18.POL,
592,DG 800 18m,DG 808C Classic 18m,11.81,370.0,432.25,525.0,DG800_18.POL,
593,DG 800 18m,DG 808S 18m,11.81,270.0,432.25,525.0,DG800_18.POL,
130,Diamant 18,Diamant 18,,,,,,
594,Diana-3,Diana-3,10.46,256.0,,600.0,,
595,Diana-3,Diana-3 FES,10.46,306.0,,600.0,,
324,Dimona,Dimona,15.30,470.0,670.0,770.0,100.0:-1.29:120.0:-1.61:150.0:-2.45,
467,Discus,Discus a,10.58,282.0,314.226,525.0,DISCUSA.POL,
468,Discus,Discus b,10.58,282.0,336.444,525.0,DISCUSEZ.POL,
469,Discus,Discus bM,10.58,352.0,336.444,525.0,DISCUSEZ.POL,
470,Discus,Discus bT,10.58,332.0,336.444,525.0,DISCUSEZ.POL,
500,Discus,Discus a WL,10.58,282.0,314.226,525.0,DISCUSA.POL,
501,Discus,Discus b WL,10.58,282.0,336.444,525.0,DISCUSEZ.POL,
502,Discus,Discus bM WL,10.58,352.0,336.444,525.0,DISCUSEZ.POL,
503,Discus,Discus bT WL,10.58,332.0,336.444,525.0,DISCUSEZ.POL,
450,Discus 2,Discus 2T,10.16,298.0,338.0,525.0,DISCUS2a15m.POL,
451,Discus 2,Discus 2a,10.16,248.0,338.0,525.0,DISCUS2a15m.POL,
452,Discus 2,Discus 2b,10.16,248.0,338.0,525.0,DISCUS2a15m.POL,
454,Discus 2,Discus 2c 15m,10.16,248.0,338.0,525.0,DISCUS2a15m.POL,
455,Discus 2,Discus 2cFES 15m,10.16,298.0,338.0,525.0,DISCUS2a15m.POL,
456,Discus 2,Discus 2cT 15m,10.16,298.0,338.0,525.0,DISCUS2a15m.POL,
108,Discus 2c 18m,Discus 2c 18m,11.36,280.0,443.04,565.0,Discus_2C_DLR_18m.POL,
109,Discus 2c 18m,Discus 2cFES 18m,11.36,330.0,443.04,565.0,Discus_2C_DLR_18m.POL,
110,Discus 2c 18m,Discus 2cT 18m,11.36,330.0,443.04,565.0,Discus_2C_DLR_18m.POL,
568,Doppelraab,Doppelraab,18.0,185.0,,350.0,,
604,DuckHawk,DuckHawk,7.4,177.0,,435.0,,
231,Duo Banjo,Duo Banjo,,,,,,
348,Duo Discus,Duo Discus,16.4,440.0,596.96,750.0,DUODISCU.POL,
349,Duo Discus,Duo Discus T,16.4,490.0,596.96,750.0,DUODISCU.POL,
488,Duo Discus,Duo Discus WL,16.4,440.0,596.96,750.0,DUODISCU.POL,
489,Duo Discus,Duo Discus T WL,16.4,490.0,596.96,750.0,DUODISCU.POL,
510,Duo Discus X,Duo Discus X,16.4,440.0,596.96,750.0,DUODISCU.POL,
511,Duo Discus X,Duo Discus XT,16.4,490.0,596.96,750.0,DUODISCU.POL,
342,Duo Discus XL,Duo Discus XL,16.4,440.0,596.96,750.0,DUODISCU.POL,
343,Duo Discus XL,Duo Discus XLT,16.4,490.0,596.96,750.0,DUODISCU.POL,
552,Duo Discus XL,Duo Discus XL FES,16.4,490.0,596.96,750.0,DUODISCU.POL,
378,EB 28,EB 28,16.8,570.0,670.0,850.0,100.0:-0.46:120.0:-0.61:150.0:-0.96,
581,EB 28,EB 28 edition,16.5,570.0,670.0,850.0,100.0:-0.47:120.0:-0.63:150.0:-0.97,
369,EB 29,EB 29,16.5,580,700,900,-0.000804=0.0266=-0.55,80
370,EB 29,EB 29D,16.5,580,700,900,-0.000804=0.0266=-0.55,80
371,EB 29,EB 29DR,14.9,610,632,850,-0.000804=0.0266=-0.55,85
372,EB 29,EB 29R,14.9,610,632,850,-0.000804=0.0266=-0.55,85
155,Elfe,Elfe S3,11.9,230.0,315.35,320.0,ELFES3.POL,
156,Elfe,Elfe S4,11.9,261.0,327.25,354.0,ELFES4.POL,
268,Elfe 17m,Elfe 17m,13.3,270.0,,380.0,,
166,Elfe FG,Elfe FG,11.9,261.0,327.25,354.0,ELFES4.POL,
597,ES-56 Nymph,ES-56 Nymph,10.12,151.0,,241.0,,
373,Eta,Eta,18.6,710.0,950.0,970.0,ETA_D-KETA.POL,
253,Falkon,Falkon,10.66,240.0,344.32,450.0,FALCON.POL,
178,fs 24 Phönix,fs 24 Phönix,14.36,164.0,,265.0,,
179,fs 25,fs 25,8.54,150.0,244.244,250.0,FS25.POL,
282,fs 31,fs 31,17.76,440.0,529.248,560.0,FS31.POL,
47,fs 32,fs 32,9.94,285.0,388.654,500.0,FS32WL.POL,
350,fs 33,fs 33,14.43,408.5,587,640.0,100.0:-0.639:120.0:-0.782:150.0:-1.165,
152,G 102 Astir CS,G 102 Astir CS,12.4,255.0,359.6,450.0,ASTIRCS.POL,
153,G 102 Astir CS,G 102 Astir CS 77,12.4,255.0,359.6,450.0,ASTIRCS.POL,
173,G 102 Astir CS Jeans,G 102 Astir CS Jeans,12.4,255.0,368.28,450.0,JEANSAST.POL,
165,G 102 Astir CS Top,G 102 Astir CS Top,12.4,305.0,368.28,450.0,JEANSAST.POL,
180,G 102 Club Astir,G 102 Club Astir,12.4,255.0,342.224,450.0,G102CLUB.POL,
275,G 102 Std. Astir,G 102 Std. Astir,12.4,260.0,373.24,450.0,STASTIR2.POL,
295,G 103 Twin 2,G 103 Twin 2,17.52,390.0,580.0,580.0,99.0:-0.8:175.01:-1.95:225.02:-3.8,
281,G 103 Twin 3,G 103 Twin 3 20m,18.5,490.0,600.0,650.0,Twin3_20m.POL,
288,G 103 Twin 3,G 103 Twin 3 18m,17.52,460.0,567.65,600.0,TWINIII.POL,
290,G 103 Twin 3,G 103 Twin 3 SL 18m,17.52,460.0,567.65,600.0,TWINIII.POL,
580,G 103 Twin 3,G 103 Twin 3 SL 20m,18.5,490.0,600.0,650.0,Twin3_20m.POL,
291,G 103 Twin Astir RG,G 103 Twin Astir RG,17.8,490.0,605.2,650.0,TWINI.POL,
296,G 103 Twin Astir Trainer FG,G 103 Twin Astir Trainer FG,17.8,490.0,594.52,650.0,TWIN78.POL,
55,G 104 Speed Astir 2,G 104 Speed Astir 2,11.5,260.0,350.75,400.0,SPASTIRC_2.POL,
325,G 109,G 109,20.4,735.0,824.16,825.0,G109.POL,
321,G 109 B,G 109 B,20.4,735.0,824.16,825.0,G109.POL,
185,Geier,Geier,14.0,277.0,,370.0,,
471,Genesis,Genesis,11.24,240.0,374.0,525.0,94.0:-0.61:141.05:-1.18:172.4:-2.0,
37,Glasflügel 304,Glasflügel 304,9.88,235.0,353.7,450.0,H304.POL,
120,Glasflügel 304 17m,Glasflügel 304 17m,10.6,260.0,380.347,450.0,H30417.POL,
427,Glasflügel 604,Glasflügel 604,16.26,455.0,559.344,650.0,H604.POL,
423,Glasflügel 604 24m,Glasflügel 604 24m,,,,,,
193,Greif 2,Greif 2,13.70,216.0,,326.0,,
250,Grunau Baby,Grunau Baby,14.20,160.0,,250.0,,
216,H 30,H 30,8.35,120.0,213.76,210.0,H30.POL,
186,H-101 Salto,H-101 Salto,8.58,182.0,271.128,280.0,H101SALT.POL,
157,H-101 Salto 15.5m,H-101 Salto 15.5m,9.14,185.0,285.17,280.0,SALTO15M.POL,
59,H-301,H-301,9.5,180.0,283.1,300.0,H301.POL,
326,H36 Dimona,H36 Dimona,15.3,470.0,670.0,770.0,100.0:-1.29:120.0:-1.61:150.0:-2.45,
327,HK36 Super Dimona,HK36 Super Dimona,15.3,470.0,670.0,770.0,100.0:-1.29:120.0:-1.61:150.0:-2.45,
261,Hornet,Hornet WL,9.8,245.0,316.54,420.0,HORNETC.POL,
269,Hornet,Hornet,9.8,227.0,318.0,420.0,HORNETC.POL,
617,Hornet,Hornet C,9.8,227.0,318.0,450.0,HORNETC.POL,
38,HpH 304 CZ,HpH 304 CZ,9.88,235.0,356.0,450.0,-0.0020=0.0871=-1.5600,80.0
121,HpH 304 CZ 17.4m,HpH 304 CZ 17.4m,10.68,235.0,,450.0,,
80,HpH 304 Shark,HpH 304 ES Shark,11.8,360.0,425.2,600.0,HPH304_Shark_18m.POL,
81,HpH 304 Shark,HpH 304 MS Shark,11.8,360.0,425.2,600.0,HPH304_Shark_18m.POL,
82,HpH 304 Shark,HpH 304 S Shark,11.8,280.0,425.2,600.0,HPH304_Shark_18m.POL,
83,HpH 304 Shark,HpH 304 SJ Shark,11.8,310.0,425.2,600.0,HPH304_Shark_18m.POL,
341,HpH 304 TS Twin Shark,HpH 304 TS Twin Shark,15.3,495.0,688.5,850.0,ArcusT_2011.POL,
482,HpH 304C Wasp,HpH 304C Wasp,9.9,235.0,356,450.0,-0.001996=0.0871=-1.56,80.0
596,Hütter H28,Hütter H28,,,,,,
299,IS 28 B2,IS 28 B2,18.24,375.0,590.0,590.0,100.0:-0.82:160.0:-2.28:200.0:-4.27,
313,IS 28 M,IS 28 M,,,,,,
158,IS 29 D,IS 29 D,10.4,240.0,360.0,360.0,100.0:-0.82:135.67:-1.55:184.12:-3.3,
364,Janus 18.2m,Janus 18.2m,16.6,370.0,607.56,620.0,JANUS.POL,
357,Janus C FG,Janus C FG,17.4,405.0,593.34,700.0,JANUSC.POL,
358,Janus C FG,Janus CM FG,17.4,495.0,593.34,700.0,JANUSC.POL,
359,Janus C FG,Janus CT FG,17.4,455.0,593.34,700.0,JANUSC.POL,
525,Janus C RG,Janus C RG,17.4,405.0,593.34,700.0,JANUSC.POL,
526,Janus C RG,Janus CM RG,17.4,495.0,593.34,700.0,JANUSC.POL,
527,Janus C RG,Janus CT RG,17.4,455.0,593.34,700.0,JANUSC.POL,
61,JS1 18m,JS1 18m,11.1,320.0,436.33,600.0,VENTUS2ct_18_new.POL,
62,JS1 18m,JS1 TJ 18m,11.1,340.0,436.33,600.0,VENTUS2ct_18_new.POL,
398,JS1C 21m,JS1C 21m,12.25,350.0,610.0,720.0,JS-MD-1C-21m.POL,
399,JS1C 21m,JS1C TJ 21m,12.25,370.0,610.0,720.0,JS-MD-1C-21m.POL,
2,JS3 15m,JS3 15m,8.75,300,450,525,-0.001270=0.0666=-1.47,80
3,JS3 15m,JS3 RES 15m,8.75,350,450,525,-0.001270=0.0666=-1.47,80
4,JS3 15m,JS3 TJ 15m,8.75,350,450,525,-0.001270=0.0666=-1.47,80
63,JS3 18m,JS3 18m,9.95,310.0,525.0,600.0,JS-MD-3_18m.POL,
64,JS3 18m,JS3 RES 18m,9.95,330.0,525.0,600.0,JS-MD-3_18m.POL,
65,JS3 18m,JS3 TJ 18m,9.95,310.0,525.0,600.0,JS-MD-3_18m.POL,
509,K 7,K 7,17.5,375.0,465.5,480.0,K7.POL,
240,K 8,K 8,14.15,190.0,280.17,310.0,KA8.POL,
314,Ka 2,Ka 2,16.8,254.0,418.0,460.0,87.0:-0.9:120.0:-1.5:150.0:-2.6,
567,Ka 2,Ka 2 b,17.5,278.0,418.0,480.0,87.0:-0.9:120.0:-1.5:150.0:-2.6,
332,Ka 4 Rhönlerche II,Ka 4 Rhönlerche II,16.34,220.0,360.0,400.0,65.0:-0.95:120.0:-2.5:140.0:-3.5,
224,Ka 6,Ka 6,12.4,185.0,275.28,300.0,KA6CR.POL,
211,Ka 6 E,Ka 6 E,12.4,185.0,277.76,300.0,KA6E.POL,
251,Ka/1 /3 /4,Ka 1,9.9,98.0,,195.0,,
252,Ka/1 /3 /4,Ka 3,9.9,100.0,,195.0,,
212,Ka10,Ka10,12.53,210.0,,320.0,,
123,Kestrel 17m,Kestrel 17m,11.58,260.0,367.086,400.0,H401.POL,
521,Kestrel 17m,Slingsby T.59 Kestrel 17m,11.58,260.0,367.086,400.0,H401.POL,
437,Kestrel 19m,Kestrel 19m,12.87,330.0,429.86,472.0,T59D.POL,
522,Kestrel 19m,Slingsby T.59D Kestrel 19m,12.87,330.0,429.86,472.0,T59D.POL,
428,Kestrel 22m,Kestrel 22m,16.26,455.0,559.344,650.0,H604.POL,
177,Kiwi,Kiwi,11.03,205.0,323.179,380.0,KIWI18.POL,
315,Kranich 2,Kranich 2,22.7,185.0,,350.0,,
303,Kranich 3,Kranich 3,21.06,420.0,509.652,550.0,KRANICH3.POL,
549,L-13 Blaník,L-13 Blaník,19.15,382.0,472.0,500.0,L13.POL,
235,L-Spatz,L-Spatz,10.90,135.0,,245.0,,
304,L23 SuperBlanik,L23 SuperBlanik 18.2m,19.15,382.0,472.0,500.0,L23.POL,
573,L23 SuperBlanik,L23 SuperBlanik,19.15,382.0,472.0,500.0,L23.POL,
429,LAK-12,LAK-12,14.63,360.0,430.0,650.0,75.0:-0.48:125.0:-0.88:175.0:-1.97,
24,LAK-17 15m,LAK-17A 15m,9.06,220.0,285.0,453.0,95.0:-0.574:148.0:-1.31:200.0:-2.885,
25,LAK-17 15m,LAK-17A T 15m,9.06,270.0,285.0,500.0,95.0:-0.574:148.0:-1.31:200.0:-2.885,
26,LAK-17 15m,LAK-17B 15m,9.18,220.0,285.0,550.0,95.0:-0.574:148.0:-1.31:200.0:-2.885,
27,LAK-17 15m,LAK-17B FES 15m,9.18,270.0,285.0,550.0,95.0:-0.574:148.0:-1.31:200.0:-2.885,
28,LAK-17 15m,LAK-17B T 15m,9.18,270.0,285.0,550.0,95.0:-0.574:148.0:-1.31:200.0:-2.885,
93,LAK-17 18m,LAK-17A 18m,9.8,225.0,326.0,453.0,-0.0014=0.0511=-0.9300,80
94,LAK-17 18m,LAK-17A T 18m,9.8,275.0,326.0,500.0,-0.0014=0.0511=-0.9300,80
95,LAK-17 18m,LAK-17B 18m,10.32,225.0,326.0,600.0,-0.0014=0.0511=-0.9300,80
96,LAK-17 18m,LAK-17B FES 18m,10.32,275.0,326.0,600.0,-0.0014=0.0511=-0.9300,80
97,LAK-17 18m,LAK-17B T 18m,10.32,275.0,326.0,600.0,-0.0014=0.0511=-0.9300,80
419,LAK-17 21m,LAK-17B 21m,11.58,332,,600,,
420,LAK-17 21m,LAK-17B FES 21m,11.58,332,,600,,
421,LAK-17 21m,LAK-17B T 21m,11.58,332,,600,,
457,LAK-19 15m,LAK-19 15m,9.06,220.0,332.2,500.0,LAK19_15m.POL,
566,LAK-19 15m,LAK-19 T 15m,9.06,270.0,332.2,500.0,LAK19_15m.POL,
111,LAK-19 18m,LAK-19 18m,9.6,226.0,310.0,500.0,-0.0016=0.0580=-0.9700,80
565,LAK-19 18m,LAK-19 T 18m,9.6,276.0,310.0,500.0,-0.0016=0.0580=-0.9700,80
412,LAK-20 23m,LAK-20M 23m,15.49,479.0,,825.0,,
413,LAK-20 23m,LAK-20T 23m,15.49,494.0,,825.0,,
400,LAK-20 26m,LAK-20M 26m,16.4,500.0,,850.0,,
401,LAK-20 26m,LAK-20T 26m,16.4,485.0,,850.0,,
227,Lambada UFM-13,Lambada UFM-13,12.16,285.0,,472.5,,
217,Lambada UFM-15,Lambada UFM-15,,,,,,
232,LCF 2,LCF 2,10.0,190.0,282.0,300.0,LCF2.POL,
225,LOM 57,LOM 57,14.85,230.0,,330.0,,
226,LOM 57,LOM 57/1,14.85,230.0,,330.0,,
574,Lom-61 Favorit,Lom-61 Favorit,12.40,225.0,,325.0,,
145,LS 1,LS 1-0,9.74,200.0,287.33,312.0,LS1CII.POL,
146,LS 1,LS 1-c,9.74,200.0,287.33,312.0,LS1CII.POL,
147,LS 1,LS 1-d,9.74,200.0,287.33,341.0,LS1CII.POL,
159,LS 1-0 FG,LS 1-0 FG,9.74,200.0,287.33,312.0,LS1CII.POL,
270,LS 1-e/f,LS 1-e,9.74,200.0,287.33,341.0,LS1CII.POL,
271,LS 1-e/f,LS 1-f,9.74,230.0,328.238,390.0,LS1F.POL,
507,LS 1-e/f,LS 1-f neo,9.74,230.0,328.238,390.0,LS1F.POL,
29,LS 10 15m,LS 10 15m,10.27,288.0,370.0,540.0,100.0:-0.64:120.0:-0.8:150.0:-1.26,
30,LS 10 15m,LS 10-st 15m,10.27,338.0,370.0,540.0,100.0:-0.64:120.0:-0.8:150.0:-1.26,
85,LS 10 18m,LS 10 18m,11.45,295.0,426.0,600,ASG29-18.POL,
86,LS 10 18m,LS 10-st 18m,11.45,345.0,426.0,600,ASG29-18.POL,
344,LS 11,LS 11,13.9,480.0,,695.0,,
60,LS 2,LS 2,10.29,240.0,,360.0,,
50,LS 3,LS 3,10.5,270.0,372.75,472.0,LS3.POL,
51,LS 3,LS 3a,10.5,243.0,342.3,472.0,LS3A78.POL,
508,LS 3,LS 3 WL,10.5,270.0,372.75,472.0,LS3.POL,
126,LS 3 17m,LS 3 17m,11.22,255.0,370.26,370.0,LS317.POL,
254,LS 3 Std,LS 3 Std,,,,,,
478,LS 4,LS 4 WL,10.5,240.0,338.0,525.0,LS4.POL,
479,LS 4,LS 4 neo,10.5,240.0,338.0,505.0,LS4.POL,
483,LS 4,LS 4,10.5,235.0,338.0,525.0,LS4.POL,
424,LS 5,LS 5,12.4,287.0,405.48,450.0,LS5.POL,
32,LS 6,LS 6,10.5,260.0,355.0,525.0,LS6_1990.POL,
33,LS 6,LS 6 neo,10.5,260.0,355.0,525.0,LS6_1990.POL,
524,LS 6,LS 6 WL,10.5,260.0,355.0,525.0,LS6_1990.POL,
102,LS 6 17.5m,LS 6 17.5m,11.3,275.0,371.0,525.0,-0.0015359=0.05868=-1.0462,65
98,LS 6 18m,LS 6 18m,11.42,280.0,427.108,525.0,LS6C_18.POL,
472,LS 7,LS 7,9.73,235.0,324.0,486.0,LS790.POL,
473,LS 7,LS 7 WL,9.73,235.0,324.0,486.0,LS790.POL,
474,LS 7,LS 7 neo,9.73,235.0,324.0,486.0,LS790.POL,
458,LS 8,LS 8,10.5,275.0,346.5,525.0,LS8.POL,
459,LS 8,LS 8 neo,10.5,275.0,377.0,525.0,LS8_neo_2016.POL,
460,LS 8,LS 8T,10.5,325.0,346.5,525.0,LS8.POL,
461,LS 8,LS 8e neo,10.5,315.0,377.0,525.0,LS8_neo_2016.POL,
112,LS 8 18m,LS 8 18m,11.4,275.0,365.0,575.0,LS8_18.POL,
113,LS 8 18m,LS 8T 18m,11.4,325.0,365.0,575.0,LS8_18.POL,
576,LS 8 18m,LS 8e 18m,11.4,315.0,365.0,575.0,LS8_18.POL,
99,LS 9,LS 9,11.42,370.0,427.108,525.0,LS6C_18.POL,
236,Lunak LF 107,Lunak LF 107,13.38,205.0,,310.0,,
194,M-25,M-25,,,,,,
322,MDM-1 Fox,MDM-1 Fox,12.3,345.0,,525.0,,
255,mini LAK,mini LAK-FES,8.41,213.0,343.3,350.0,Lak17miniFES.POL,
532,mini LAK,mini LAK,8.41,163.0,343.3,350.0,Lak17miniFES.POL,
52,Mini Nimbus,Mini Nimbus,9.86,235.0,335.24,450.0,MINIMBUS.POL,
241,Minimoa,Minimoa,20.0,200.0,,350.0,,
160,Mistral C,Mistral C,10.9,235.0,342.26,350.0,MISTRALC.POL,
53,Mosquito,Mosquito,9.86,250.0,357.0,450.0,MOSQUITO.POL,
127,Mosquito 17m,Mosquito 17m,,,,,,
164,Mü 22b,Mü 22b,13.7,280.0,,360.0,,
131,Mü 26,Mü 26,15.3,212.0,,382.0,,
446,Mü 27,Mü 27,17.6,700.0,900.0,900.0,MUE27.POL,
13,Mü 31,Mü 31,9.0,240.0,,500.0,,
430,Nimbus 2,Nimbus 2,14.41,315.0,432.3,650.0,NIMBUS2.POL,
431,Nimbus 2,Nimbus 2M,14.41,375.0,432.3,650.0,NIMBUS2.POL,
432,Nimbus 2,Nimbus 2b,14.41,315.0,432.3,650.0,NIMBUS2.POL,
433,Nimbus 2,Nimbus 2c,14.41,315.0,432.3,650.0,NIMBUS2.POL,
422,Nimbus 3 22.9m,Nimbus 3 22.9m,16.26,380.0,480.26,750.0,NIMBUS3K.POL,
409,Nimbus 3 24.5m,Nimbus 3 24.5m,16.7,390.0,482.63,750.0,NIMBUS3L.POL,
410,Nimbus 3 24.5m,Nimbus 3T 24.5m,16.7,430.0,482.63,750.0,NIMBUS3L.POL,
402,Nimbus 3 25.5m,Nimbus 3 25.5m,16.9,380.0,488.4,750.0,NIMBUS3L.POL,
403,Nimbus 3 25.5m,Nimbus 3M 25.5m,16.9,380.0,488.4,750.0,NIMBUS3L.POL,
404,Nimbus 3 25.5m,Nimbus 3T 25.5m,16.9,380.0,488.4,750.0,NIMBUS3L.POL,
415,Nimbus 3D 24.6m,Nimbus 3D 24.6m,16.7,495.0,482.63,750.0,NIMBUS3L.POL,
416,Nimbus 3D 24.6m,Nimbus 3DM 24.6m,16.7,465.0,482.63,750.0,NIMBUS3L.POL,
417,Nimbus 3D 24.6m,Nimbus 3DT 24.6m,16.7,535.0,482.63,750.0,NIMBUS3L.POL,
577,Nimbus 3D 25.6m,Nimbus 3D 25.6m,16.91,505.0,723.75,820.0,NIMBUS3D.POL,
578,Nimbus 3D 25.6m,Nimbus 3DM 25.6m,16.91,575.0,723.75,820.0,NIMBUS3D.POL,
579,Nimbus 3D 25.6m,Nimbus 3DT 25.6m,16.91,545.0,723.75,820.0,NIMBUS3D.POL,
379,Nimbus 4,Nimbus 4,17.8,470.0,597.0,820.0,85.1:-0.41:127.98:-0.75:162.74:-1.4,
380,Nimbus 4,Nimbus 4M,17.8,550.0,597.0,820.0,85.1:-0.41:127.98:-0.75:162.74:-1.4,
381,Nimbus 4,Nimbus 4T,17.8,520.0,597.0,820.0,85.1:-0.41:127.98:-0.75:162.74:-1.4,
391,Nimbus 4D,Nimbus 4D,17.8,515.0,743.0,820.0,107.5:-0.5:142.74:-0.83:181.51:-1.6,
392,Nimbus 4D,Nimbus 4DM,17.8,595.0,820.0,820.0,100.01:-0.48:150.01:-0.87:190.76:-1.6,
393,Nimbus 4D,Nimbus 4DT,17.8,565.0,820.0,820.0,100.01:-0.48:150.01:-0.87:190.76:-1.6,
374,NimEta,NimEta X,18.6,710.0,950.0,970.0,ETA_D-KETA.POL,
606,Nixus,Nixus,14.69,650.0,,980.0,,
148,Panjo,Panjo V1,,,,,,
149,Panjo,Panjo V2,,,,,,
259,Pegase,Pegase,10.5,254.39,368.0,505.0,PEGASE97.POL,
598,Phoenix,Phoenix,14.36,164.0,,265.0,,
167,Phöbus A,Phöbus A,13.16,210.0,395,350.0,-0.001659=0.0515=-1.35,70
161,Phöbus B,Phöbus B,13.16,210.0,395,350.0,-0.001659=0.0515=-1.35,70
272,Phöbus B3/C,Phöbus B3,14.06,225.0,310.0,459.0,100.0:-0.7:120.0:-0.98:150.0:-1.58,
273,Phöbus B3/C,Phöbus C,14.06,225.0,310.0,459.0,100.0:-0.7:120.0:-0.98:150.0:-1.58,
245,Piccolo,Piccolo,10.60,180.0,,297.0,,
187,PIK-16 Vasama,PIK-16 Vasama,11.7,166.0,304.2,281.0,VASAMA.POL,
58,PIK-20 B,PIK-20 B,10.0,240.0,354.0,450.0,PIK20D.POL,
56,PIK-20 D/E,PIK-20 D,10.0,235.0,325.0,450.0,PIK20D.POL,
57,PIK-20 D/E,PIK-20 E,10.0,320.0,423.0,470.0,PIK20E.POL,
195,Pilatus B4 FG,Pilatus B4 FG,14.05,230.0,335.795,350.0,B4.POL,
553,Pilatus B4 RG,Pilatus B4 RG,14.05,230.0,335.795,350.0,B4.POL,
306,Pipistrel Sinus,Pipistrel Sinus,12.26,285.0,450.0,472.5,-0.00321408=0.1386=-2.38,65
213,PW 5,PW 5,10.16,185.0,245.87,300.0,PW5.POL,
297,PW 6,PW 6,15.3,360.0,546.0,546.0,104.0:-0.847:152.0:-1.994:200.0:-4.648,
317,PZL KR-03A Puchatek,PZL KR-03A Puchatek,19.44,350.0,,540.0,,
394,Quintus,Quintus,14.7,500.0,750.0,850.0,QuintusM.POL,
243,RF 4,RF 4,11.30,280.0,,390.0,,
307,RF-10,RF-10,18.70,600.0,,800.0,,
319,RF-5,RF-5,15.16,450.0,,650.0,,
308,RF-5B,RF-5B,19.0,500.0,,700.0,,
249,Rhönbussard,Rhönbussard,14.10,150.0,,245.0,,
248,Rhönsperber,Rhönsperber,15.10,177.0,,267.0,,
230,Sagitta,Sagitta,12.00,217.0,,320.0,,
330,Samburo AVo68-R,Samburo AVo68-R,20.7,585.0,,825.0,,
425,SB 10,SB 10,21.81,577.0,780.8,888.0,SB1073.POL,
46,SB 11,SB 11,10.56,295.0,385.44,470.0,SB1191.POL,
260,SB 12,SB 12,10.02,238.0,332.66,450.0,SB12.POL,
87,SB 14,SB 14,10.84,285.0,,541.0,,
196,SB 5,SB 5a,13.0,203.0,300.0,300.0,SB5.POL,
197,SB 5,SB 5b,13.0,203.0,300.0,300.0,SB5.POL,
198,SB 5,SB 5c,13.0,203.0,300.0,300.0,SB5.POL,
188,SB 5e,SB 5e,,,,,,
570,SB 7,SB 7,12.66,285.0,,390.0,,
556,Schweizer SGS 1-26,Schweizer SGS 1-26,14.87,202.0,315.0,318.0,82.3:-1.04:117.73:-1.88:156.86:-3.8,
557,Schweizer SGS 1-34,Schweizer SGS 1-34,14.03,259.0,354.0,381.0,89.82:-0.8:143.71:-2.1:179.64:-3.8,
558,Schweizer SGS 1-36 Sprite,Schweizer SGS 1-36 Sprite,13.1,215.0,322.0,322.0,75.98:-0.68:132.96:-2.0:170.95:-4.1,
559,Schweizer SGS 2-32,Schweizer SGS 2-32,16.7,377.0,,649.0,,
560,Schweizer SGS 2-33,Schweizer SGS 2-33,20.35,272.0,470.0,473.0,82.32:-0.96:130.0:-1.74:170.0:-3.44,
328,SF 25 C (2000),SF 25 C 2000,18.2,435.0,,650.0,,
320,SF 25 E,SF 25 E,,,,,,
331,SF 25B Falke,SF 25B Falke,17.50,360.0,,555.0,,
329,SF 25C-S Falke 76,SF 25C-S Falke 76,,,,,,
222,SF 26,SF 26,12.34,183.0,,330.0,,
199,SF 27,SF 27 A,12.0,225.0,315.0,350.0,SF27A.POL,
200,SF 27,SF 27 MA,12.0,255.0,315.0,350.0,SF27A.POL,
189,SF 27 B,SF 27 B,13.0,220.0,300.0,350.0,100.0:-0.81:120.0:-1.27:150.0:-2.5,
309,SF 28 A,SF 28 A,18.5,400.0,,610.0,,
201,SF 30,SF 30,10.9,175.0,332.45,265.0,SF30.POL,
298,SF 34,SF 34 FG,14.8,430.0,534.3,540.0,SF34.POL,
571,SF 34,SF 34 RG,14.8,430.0,534.3,540.0,SF34.POL,
533,SF 36,SF 36,15.60,515.0,,715.0,,
228,SFS 31,SFS 31,12.00,300.0,,430.0,,
162,SHK,SHK,14.70,260.0,,370.0,,
203,Sie-3,Sie-3,11.84,210.0,264.0,340.0,KA6E.POL,
287,Silence E 75,Silence E 75,,,,,,
168,Silent 2,Silent 2,8.9,130,302,300,-0.001620=0.0526=-0.93,65
218,Silent AE-1,Silent AE-1,,,,,,
219,Silent AE-1,Silent AE-1 pure,,,,,,
220,Silent Club,Silent Club,,,,,,
221,Silent Club,Silent Club pure,,,,,,
523,Slingsby T.21,Slingsby T.21,24.2,272.0,,476.0,,
535,Slingsby T.30 Prefect,Slingsby T.30 Prefect,14.25,176.9,,266.3,,
536,Slingsby T.31 Tandem Tutor,Slingsby T.31 Tandem Tutor,15.8,176.0,,376.0,,
537,Slingsby T.34 Sky,Slingsby T.34 Sky,17.37,250.0,,363.0,,
547,Slingsby T.41 Skylark 2,Slingsby T.41 Skylark 2,13.4,190.5,,308.0,,
538,Slingsby T.43 Skylark 3,Slingsby T.43 Skylark 3,16.1,253.0,,358.0,,
539,Slingsby T.49 Capstan,Slingsby T.49 Capstan,20.43,345.4,,567.0,,
540,Slingsby T.50 Skylark 4,Slingsby T.50 Skylark 4,16.1,258.0,395.0,395.0,78.0:-0.637:139.0:-2.0:200.0:-5.092,
542,Slingsby T.51 Dart,Slingsby T.51 Dart,,,,,,
543,Slingsby T.51 Dart 17,Slingsby T.51 Dart 17,13.87,226.0,,340.0,,
544,Slingsby T.51 Dart 17 R,Slingsby T.51 Dart 17 R,13.87,226.0,,340.0,,
545,Slingsby T.53,Slingsby T.53,18.02,354.0,,580.0,,
546,Slingsby T.65 Vega,Slingsby T.65 Vega,10.1,236.0,,510.0,,
204,Solo L 33,Solo L 33,11.0,210.0,321.2,340.0,SOLO-L33.POL,
246,Song,Song,,,,,,
603,SparrowHawk,SparrowHawk,6.5,100.0,212.55,230.0,SPHawk_13k5m.POL,
244,Spatz 13m,Spatz 13m,10.90,135.0,,245.0,,
333,Specht,Specht,16.64,210.0,,390.0,,
205,Std. Austria,Std. Austria,13.5,205.0,,323.0,,
191,Std. Austria SH,Std. Austria SH,13.5,205.0,,323.0,,
182,Std. Austria SH 1,Std. Austria SH 1,13.5,205.0,,323.0,,
134,Std. Cirrus,Std. Cirrus,10.04,202.0,357.4,390.0,STDCIRRUS_2011.POL,
277,Std. Cirrus,Std. Cirrus WL,10.04,202.0,357.4,390.0,STDCIRRUS_2011.POL,
276,Std. Cirrus 16m,Std. Cirrus 16m,10.36,220.0,308.728,390.0,CIRRUS16.POL,
150,Std. Cirrus Top,Std. Cirrus Top,10.04,242.0,357.4,390.0,STDCIRRUS_2011.POL,
151,Std. Libelle,Std. Libelle,9.8,200.0,318.8,350.0,StdLibelle201B_2018.POL,
493,Std. Libelle,Std. Libelle WL,9.8,200.0,318.8,350.0,StdLibelle201B_2018.POL,
133,Std. Libelle 17m,Std. Libelle 17m,,,,,,
443,Stemme S10,Stemme S10,18.74,645.0,834.0,850.0,S10.POL,
444,Stemme S10,Stemme S10-VT,18.74,645.0,834.0,850.0,S10.POL,
534,Stemme S12,Stemme S12,19.95,690.0,900.0,900.0,-0.00185=0.094=-1.79,75
247,Stratos 2e,Stratos 2e,15.0,155.0,,280.0,,
237,Swift S-1,Swift S-1,11.8,280.0,,390.0,,
233,SZD-12 Mucha 100,SZD-12 Mucha 100,15.0,195.0,,290.0,,
229,SZD-22 Mucha Std.,SZD-22-Mucha Std.,14.98,219.0,,350.0,,
190,SZD-24 Foka 4,SZD-24 Foka 4,12.16,245.0,,385.0,,
202,SZD-30 Pirat,SZD-30 Pirat,13.8,260.0,358.8,370.0,PIRAT.POL,
516,SZD-32 Foka 5,SZD-32 Foka 5,12.16,256.0,,385.0,,
141,SZD-36 Cobra 15,SZD-36 Cobra 15,11.6,275.0,350.0,405.0,70.8:-0.6:94.5:-0.69:148.1:-1.83,
436,SZD-38 Jantar 1,SZD-38 Jantar 1,13.38,293.0,401,515.0,-0.0039=0.2005=-3.23,70
132,SZD-39 Cobra 17,SZD-39 Cobra 17,17.00,298.0,,490.0,,
517,SZD-41 Jantar Std.,SZD-41 Jantar Std.,10.66,244.0,,460.0,,
518,SZD-41 Jantar Std.,SZD-41 Jantar Std. WL,10.66,244.0,,460.0,,
528,SZD-41 Jantar Std.,SZD-41 Jantar Std. T,10.66,294.0,,460.0,,
434,SZD-42 Jantar 2,SZD-42 Jantar 2,14.27,362.0,482.0,649.0,JANTAR2B.POL,
435,SZD-42 Jantar 2,SZD-42-2 Jantar 2b,14.3,356.0,474.76,649.0,JANTAR2B.POL,
316,SZD-45 Ogar,SZD-45 Ogar,17.53,470.0,,700.0,,
278,SZD-48 Jantar Std. 2,SZD-48 Jantar Std. 2,10.66,247.0,357.11,520.0,STDJANT2.POL,
506,SZD-48 Jantar Std. 2,SZD-48 Jantar Std. 2 WL,10.66,247.0,357.11,520.0,STDJANT2.POL,
519,SZD-48-3 Jantar Std. 3,SZD-48-3 Jantar Std. 3,10.66,247.0,329.39,520.0,STJANTAR.POL,
520,SZD-48-3 Jantar Std. 3,SZD-48-3 Jantar Std. 3 WL,10.66,247.0,329.39,520.0,STJANTAR.POL,
300,SZD-50 Puchacz,SZD-50 Puchacz,18.16,455.0,544.8,570.0,PUCHACZ.POL,
181,SZD-51 Junior,SZD-51 Junior,12.51,225.0,306.495,380.0,JUNIOR.POL,
286,SZD-54-2 Perkoz 17.5m,SZD-54-2 Perkoz 17.5m,16.36,375.0,442.0,590.0,99.0:-0.86:175.0:-4.22:250.0:-13.01,
365,SZD-54-2 Perkoz 20m WL,SZD-54-2 Perkoz 20m WL,17.3,380.0,442.0,615.0,91.0:-0.69:170.0:-3.98:250.0:-12.66,
475,SZD-55-1 Nexus,SZD-55-1 Nexus,9.6,215.0,309.12,500.0,SZD55.POL,
31,SZD-56-1 Diana,SZD-56-1 Diana,8.15,182.0,264.06,500.0,SZD56.POL,
1,SZD-56-2 Diana 2,SZD-56-2 Diana 2,8.64,185.0,242,525.0,-0.002035=0.0835=-1.33,70
484,SZD-56-2 Diana 2,SZD-56-2 Diana 2 FES,8.64,244.0,242,525.0,-0.002035=0.0835=-1.33,70
274,SZD-59 Acro 13.2m,SZD-59 Acro 13.2m,9.8,260.0,,380.0,,
262,SZD-59 Acro 15m,SZD-59 15m WL,10.66,270.0,,540.0,,
312,SZD-9 Bocian,SZD-9 Bocian,18.12,450.0,509.0,540.0,BOCIAN.POL,
323,Taifun 17e,Taifun 17e,17.6,580.0,,820.0,,
280,Taurus,Taurus,12.26,306.0,472.0,550.0,100.0:-0.71:120.0:-0.83:150.0:-1.35,
169,TST-10,TST-10 Atlas,9.85,140.0,,300.0,,
170,TST-10,TST-10 Atlas M,9.85,180.0,,300.0,,
40,Ventus 15m,Ventus a 15m,9.51,250.0,332.85,525.0,VENTUSA.POL,
41,Ventus 15m,Ventus b 15m,9.51,250.0,332.85,525.0,VENTUSB.POL,
42,Ventus 15m,Ventus bT 15m,9.51,300.0,332.85,525.0,VENTUSB.POL,
43,Ventus 15m,Ventus cM 15m,9.51,308.0,379.0,430.0,VentusCT_WL_1991.pol,
44,Ventus 15m,Ventus cT 15m,9.51,258.0,379.0,430.0,VentusCT_WL_1991.pol,
116,Ventus 16.6m,Ventus a 16.6m,9.96,243.0,323.7,430.0,VENTA166.POL,
117,Ventus 16.6m,Ventus b 16.6m,9.96,243.0,323.7,430.0,VENTA166.POL,
118,Ventus 16.6m,Ventus bT 16.6m,9.96,293.0,323.7,430.0,VENTA166.POL,
15,Ventus 2,Ventus 2a,9.67,240.0,326.0,525.0,Ventus2a_1998.pol,
16,Ventus 2,Ventus 2ax,9.67,240.0,326.0,525.0,Ventus2a_1998.pol,
17,Ventus 2,Ventus 2b,9.67,240.0,326.0,525.0,Ventus2a_1998.pol,
599,Ventus 2,Ventus 2bx,9.67,240.0,326.0,525.0,Ventus2a_1998.pol,
73,Ventus 2 cxa,Ventus 2 cxa 15m,9.67,240.0,326.0,525.0,Ventus2a_1998.pol,
18,Ventus 2c 15m,Ventus 2c 15m,9.67,240.0,326.0,525.0,Ventus2a_1998.pol,
19,Ventus 2c 15m,Ventus 2cM 15m,9.67,340.0,326.0,525.0,Ventus2a_1998.pol,
20,Ventus 2c 15m,Ventus 2cT 15m,9.67,290.0,326.0,525.0,Ventus2a_1998.pol,
583,Ventus 2c 15m,Ventus 2cxa 15m,9.67,240.0,326.0,525.0,Ventus2a_1998.pol,
88,Ventus 2c 18m,Ventus 2c 18m,11.0,310.0,432.4,525.0,VENTUS2ct_18_new.POL,
89,Ventus 2c 18m,Ventus 2cM 18m,11.0,380.0,432.4,525.0,VENTUS2ct_18_new.POL,
90,Ventus 2c 18m,Ventus 2cT 18m,11.0,342.4,432.4,525.0,VENTUS2ct_18_new.POL,
490,Ventus 2c 18m,Ventus 2cx 18m,11.0,310.0,432.4,600.0,VENTUS2ct_18_new.POL,
491,Ventus 2c 18m,Ventus 2cxT 18m,11.0,342.4,432.4,600.0,VENTUS2ct_18_new.POL,
492,Ventus 2c 18m,Ventus 2cxM 18m,11.0,400.0,432.4,600.0,VENTUS2ct_18_new.POL,
548,Ventus 2c 18m,Ventus 2cxa FES 18m,11.0,342.4,432.4,600.0,VENTUS2ct_18_new.POL,
582,Ventus 2c 18m,Ventus 2cxa 18m,11.0,310.4,432.4,600.0,VENTUS2ct_18_new.POL,
5,Ventus 3 15m,Ventus 3 15m,9.53,290,321.3,525,Ventus2a_1998.pol,
6,Ventus 3 15m,Ventus 3F 15m,9.53,340,321.3,525,Ventus2a_1998.pol,
7,Ventus 3 15m,Ventus 3M 15m,9.53,380,321.3,525,Ventus2a_1998.pol,
8,Ventus 3 15m,Ventus 3T 15m,9.53,340,321.3,525,Ventus2a_1998.pol,
66,Ventus 3 18m,Ventus 3 18m,10.84,310.0,582.2,600.0,Ventus3.POL,
67,Ventus 3 18m,Ventus 3F 18m,10.84,360.0,582.2,600.0,Ventus3.POL,
68,Ventus 3 18m,Ventus 3M 18m,10.84,400.0,582.2,600.0,Ventus3.POL,
69,Ventus 3 18m,Ventus 3T 18m,10.84,360.0,582.2,600.0,Ventus3.POL,
103,Ventus c 17.6m,Ventus c 17.6m,10.15,253.0,387.73,500.0,VENT_176.POL,
104,Ventus c 17.6m,Ventus cM 17.6m,10.15,310.0,387.73,430.0,VENT_176.POL,
105,Ventus c 17.6m,Ventus cT 17.6m,10.15,253.0,387.73,500.0,VENT_176.POL,
163,VSO-10,VSO-10,12.0,250.0,348.0,380.0,VSO10.POL,
171,VSO-10 C,VSO-10 C,12.0,250.0,348.0,380.0,VSO10C.POL,
206,VT-16 Orlik,VT-16 Orlik,12.8,215.0,335.0,345.0,80.0:-0.7:100.0:-1.05:120.0:-1.65,
207,VT-16 Orlik,VT-116 Orlik 2,12.8,215.0,335.0,345.0,80.0:-0.7:100.0:-1.05:120.0:-1.65,
234,Weihe 50,Weihe 50,18.20,195.0,,355.0,,
208,Zugvogel,Zugvogel I,,,,,,
209,Zugvogel,Zugvogel II,,,,,,
210,Zugvogel,Zugvogel IV,,,,,,
192,Zugvogel IIIa,Zugvogel IIIa,14.48,245.0,,365.0,,
183,Zugvogel IIIb,Zugvogel IIIb,14.48,245.0,,365.0,,
610,Mü 17,Mü 17,13.30,160.0,,255.0,,
611,LS 8,LS 8T neo,10.5,325.0,377.0,525.0,LS8_neo_2016.POL,
612,Olympia Meise,Olympia Meise,15.00,160.0,,255.0,,
613,SZD-59 Acro 15m,SZD-59 15m,10.66,270.0,,540.0,,
614,Archaeopteryx,Archaeopteryx,12.8,64,,191,,
615,LS 4,LS 4 Jet neo,10.5,240.0,338.0,505.0,LS4.POL,
618,JS2 21m,JS2 21m,12.25,420.0,610.0,720.0,JS-MD-1C-21m.POL,
619,JS2 18m,JS2 18m,11.1,400.0,436.33,640.0,VENTUS2ct_18_new.POL,
620,E-Birdy,E-Birdy,8.30,115.0,230.0,280.0,,
621,LAK-17 15m,LAK-17C FES 15m,9.18,270.0,285.0,550.0,100.0:-0.6:120.0:-0.72:150.0:-1.09,
622,LAK-17 18m,LAK-17C 18m,10.32,225.0,326.0,600.0,-0.0014=0.0511=-0.9300,80
623,LAK-17 21m,LAK-17C FES 21m,11.58,332,,600,,
624,PIK-30,PIK-30,10.00,330,,460,,
625,LS 4,LS 4 Jet,10.5,235.0,338.0,525.0,LS4.POL,
626,S18 II,S18 II,,,,,,
627,LS 1,LS 1-d neo,9.74,200.0,287.33,341.0,LS1CII.POL,
628,HP 24,HP 24 15m,10.02,239.0,,375.0,,
629,GP 14 Velo SE,GP 14 Velo SE,7.0,205.0,,420.0,,
630,Stratos 300,Stratos 300,13.86,170.0,,300.0,,
631,LS 1,LS 1-c neo,9.74,200.0,287.33,341.0,LS1CII.POL,
632,FK-3,FK-3,13.8,240.0,,400.0,,
633,Swift-Light,Swift-Light E,12.5,95.0,191.0,191.0,70.0:-0.77:90.0:-1.15:120.0:-2.4,
634,Swift-Light,Swift-Light,12.5,60.0,191.0,191.0,70.0:-0.77:90.0:-1.15:120.0:-2.4,
635,Diamant 16.5,Diamant 16.5,12.2,270.0,,408.0,,
636,AC-5,AC-5M,7.7,180.0,,300.0,,
637,AC-5,AC-5K,7.7,180.0,,300.0,,
638,AC-5,AC-5Me,7.7,180.0,,300.0,,
639,Reiher III,Reiher III,19.36,230.0,,315.00,,
640,LS 3,LS 3 neo,10.5,270.0,372.75,472.0,LS3.POL,
641,Perlan 2,Perlan 2,24.4,574.0,,816.0,,
642,Mg 19,Mg 19,21.0,298.0,,480.0,,
643,Vuk-T,Vuk-T,11.96,260.0,,385.0,,
644,SunDancer,SunDancer DF-15,12.6,290.0,,600.0,,
645,SunDancer,SunDancer DF-13,12.6,290.0,,600.0,,
646,Briegleb BG-6,Briegleb BG-6,10.91,193.0,,300.0,,
647,Briegleb BG-12,Briegleb BG-12,13.1,227.0,,409.0,,
648,Briegleb BG-12,Briegleb BG-12/16,13.1,227.0,,409.0,,
649,CVT M-200,CVT M-200,17.5,345.0,,570.0,,
650,Morelli M-100,Morelli M-100,13.1,155.0,,315.0,,
651,Schweizer SGS 1-35,Schweizer SGS 1-35,9.64,180,,300.0,,
652,Schweizer SGS 1-35,Schweizer SGS 1-35C,9.64,180,,300.0,,
653,Schweizer SGS 1-35,Schweizer SGS 1-35A,9.64,180,,300.0,,
654,SZD-55-1 Nexus,SZD-55-2 Nexus-e-Motion,9.6,215.0,309.12,500.0,SZD55.POL,
655,JS5 24m,JS5 24m,12.8,450.0,,780.0,,
656,Schweizer SGU 2-22,Schweizer SGU 2-22,20.0,204.0,,376.0,,
657,Schreder HP-18,Schreder HP-18,10.5,213.0,,446.0,,
658,AN 66B,AN 66B,12.6,250.0,,400.0,,
659,Franklin PS-2,Franklin PS-2,17.0,100.0,,181.0,,
660,Ventus 3 18m,Ventus 3E 18m,10.84,400.0,582.2,600.0,Ventus3.POL,
661,Lehrmeister FES-530,Lehrmeister FES-530,17.93,270.0,,470.0,,
662,ASW 28 18m,ASW 28 B 18m,11.88,270.0,398.3,575.0,ASW28-18_2007.POL,
663,ASW 28,ASW 28 B,10.5,235.0,325.0,525.0,-0.0020=0.0828=-1.4300,80.0
664,Wassmer WA-28,Wassmer WA-28,12.6,245.0,,378.0,,
665,Wassmer WA-26,Wassmer WA-26,12.6,228.0,,353.0,,